text,label,notes
Before watching the legend of korra from the way korra haters was speaking about the avatar connection being destroyed I thought korra pulled im a strong independent woman and don’t need the previous avatars help and guidance and destroyed it but in reality it was ripped out of here by a villain stronger than anyone aang fought against in such a gruesome way somewhat resembling sa.,hot_take,
LoK is nice. I like the worldbuilding with the steampunk esthetics and the bending derived technology. I also liked the more spiritual journey opposed to the learning the elements Aang mainly did. However i dislike how they changed the balance driven eastern philosophy of Jing and Yang into the western concept of good vs evil. The Avatar holding the Spirit of Good kinda invalidates their Charactergrowth to decide their way themselves. Also the technology progression was a little fast from steampunk old cars and airships to gigant mechas.,analysis,
"Most Korra haters are a bunch of babies who can’t handle her being different from Aang. A lot of arguments also come down to sexism. Having finished my rewatch yesterday, I admit the show has problems. Korra as a protagonist was compelling, 3D, realistic & likeable.",hot_take,"There's some initial phrasing that makes the post seem like it'll turn out to be bait, but it concedes that the show has problems"
"No, iroh being a war general in his fifties and becoming better is not the same as azula redeeming herself. The difference is, iroh was a good person who was following orders. He didn’t see anything wrong with the war because he didn’t have a different perspective. Azula on the other hand, is a genuine bad person. Azula constantly mistreats her soldiers (sane or insane, doesn’t make that much of a difference) is manipulative, and is overall, a bad person. The same way that Ozai is a bad person. Zuko, and iroh is fundamentally different than azula and ozai.",analysis,
I find people overexagerate how bad Azula was. certainly her cause was a terrible one and she wasn't a good person but her acts are not comparable to some of the firenation officials and miitary leaders we see on screen. there is no reason why she couldn't grow as a person under the right circumstances.,hot_take,
"The more I think about Zhao the less sense his trajectory makes. He starts out as a commander, then he gets promoted to admiral about a third of the way through Season 1. From what I can tell, the three seasons' timeline is about a year or so, which means the entirety of Season 1 must have taken a few months at best. During this very short time as admiral, he admittedly nearly captures the Avatar, but this ends in disaster when one single masked warrior manages to break the Avatar out of imprisonment, despite the presence of Zhao and all his soldiers. Not to mention the fact that Zhao gets his ass beaten in a duel with a teenager, only to disgracefully try to attack him from behind when the fight is over. Then he also leads an expedition into the wilderness to hunt down a famous deserter, but all it does is lead to him destroying his own boats and letting the deserter, the Avatar, and dozens of others evade capture. With all those defeats and disgraces in mind, how exactly did Zhao get appointed supreme command over the invasion of the North? I'm not talking about why the writers put him there; he's the secondary villain and so he's gotta be front and centre when it comes to the big showdown in the season finale. I get that part. But what's the in-universe explanation? He's only newly promoted to admiralty. Wouldn't there have been several other admirals with seniority who'd have jumped at the chance to lead an invasion of the North Pole? This is the biggest military operation since the Siege of Ba Sing Se. How did Zhao get dibs to take command? I get that people fail upward all the time, but I don't think we're ever given a moment where Zhao's positive traits are shown, or any kind of indication that he's well-liked or has top connections, or whatever. He's just a big blustery guy with severe anger issues and a lack of common sense, a grown man who got knocked down by a teenager and who got manipulated by a child... and both those things happened in front of witnesses who would surely tell other people about them.",analysis,
"A lot of people glaze Zaheer. Rightfully so. But I thought Amon was pretty close in regards to how good of a villain he was. Everytime he showed up, he had aura and he was gonna do some devious shit to our protagonists. He's not as explored or deep as Zaheer is as an antagonist, but for the purpose of a threat and a villain he is very effective with a really good design, voice acting and backstory behind him. But most of all, he's terryfing af",hot_take,
"Everyone said that Sokka would become more likeable as the show would go on but I'm halfway through Book 2 and I still hate him. I wish that that Katara, Aang and Toph would just chuck him off Appa, they are better off without him",hot_take,"Hyperbolic frustration, no tribal setup or absolutist framing"
"Azula was not weaker in the comet fight, not in the way you were implying. Yes, Azula was not thinking as clearly or strategically, instead, her power was ramped up 10 fold. Contrary to popular belief, if you have enough power *strategy doesn't fucking matter.* Look at Iroh. For 100 years the Fire Nation tried to break through the walls of Ba Sing Se, and Iroh barely managed to breech the outermost wall. With the comet, he blew the fucker clean open, no strategy or tactics needed. Azula was every bit as deadly, even more so, during the comet as she was without the comet and with her senses about her. Azula's loss of sanity in that fight made her even more dangerous because she is willing to do things she never would normally. Ask any person with real combat experience, an unpredictable person is way more dangerous than otherwise. It's why you can have highly trained fighters be wary of fighting someone with no training, because the person with no training is going to do things and risk things a train fighter never would, and that can't be easily predicted. Regardless, in a fair fight, Azula loses to Katara every time. Katara fundamentally counters Azula on a meta-combatant level. *How* Katara fights is anathema to how Azula fights. Azula actually fared better against Katara under the comet precisely because Azula was fighting in a way she normally doesn't, relying more on brute force and overwhelming power. That's how Zuko fights, and that's why Zuko is better at fighting Katara than Azula is. Katara also has some of the highest battlefield awareness and intelligence of anyone in the series. She is constantly aware of her surroundings and whats going on. Only Toph beats her in that regard. But Katara also has insane control and precision. Look at when Mai and Katara first met in Omashu. Mai threw daggers at Katara and Katara used a small water whip to break floorboards and launch them into the path of the daggers. That's a fucking incredible amount of control and understanding of her powers that Azula has never displayed.",analysis,
"In another thread someone mentioned that somebody sent the bandits to rob the tax collectors (Korra and Asami) who were collecting taxes for the Earth Queen. Perhaps Suyins metalbending city survives on piracy from other citys. The city itself is just a shell, a utopia no one is visibily working. Suyins kids were reading, playing sport and sculpting only one street vendor was visible. Perhaps just how metal steals what it wants from earth, Zaofu steals what it wants from Ba Sing Se. We know Suyin has connections with pirates, she is a metal bender and gold is also a metal. Why else would the city need such great defences as seen when the ""petals"" of the city close at night? Along with the infertility theory I think this gives more reason for Lin to hate suyin and especially the kids for being products of theft. Perhaps Suyin sees herself and justifies herself as a Robin Hood figure considering all the money would just go to the Empress anyway. ""You're the one who tore our family apart"" could mean that Suyin is the one who cut Trohs kids out of inheritance (or perhaps being half siblings they were cut out).",analysis,
"I would agree that Aang does have lowkey better earthbending feats than waterbending feats, but I’m not sure if that was actually the writer’s intention. In Sozin’s Comet Part 1, Zuko says that Aang still hasn’t fully mastered firebending, and Toph comments that his earthbending could still use some work too, but Katara doesn’t say anything about his waterbending being inadequate. Waterbending was also the easiest bending style for Aang to pick up. He started waterbending pretty much immediately when Katara started training him in “The Waterbending Scroll,” and even outperformed Katara in waterbending in that episode. Pakku even acknowledged that Aang is a waterbending prodigy, but he didn’t improve as much as Katara did under Pakku’s training because Katara was taking her training seriously while Aang was goofing off. Aang’s personality is also just better suited for waterbending than it is for earthbending. This makes me believe that Aang’s proficiency in the elements is supposed to be ordered like this by the finale: air (obviously) > water > earth > fire (mainly because he had little time to master fire bending before the finale). I feel like Aang just didn’t get enough chances to show off his waterbending skills because the writers didn’t want him to step on Katara’s feet too much, and Aang was put in more scenarios where Toph wasn’t around to earthbend (like in Crossroads of Destiny) than he was scenarios where Katara wasn’t around to waterbend",analysis,
"Korra is the strongest Avatar in the franchise because she overcame depression, the strongest opponent thay a Avatar has ever faced",hot_take,"Many reactions/comments to this post called it ragebait, but the claim is asserted without provocation"
"I don't hate Asami but she's kind of under developed. Their initial concept for her character to be a double agent femme fatale could have worked. The doubt and moral dilemma, the betrayal and redemption. Her relationship with Mako would have had so much more depth and then she would have evolved more naturally both towards her authentic self and relashionship with Korra. Genuinely don't know why they dropped it",hot_take,"Initially thought this counted as analysis, but the argument is built entirely on hypothetical"
"The live action show made the fire nation leadership oddly less evil. I think it kind of works against it, the fire nation was supposed to be one sided focus on the whole 100 year war thing. like when Zuko talks out of turn in the cartoon, it’s spur of the moment and you have the general calling the division he’s sacrificing fresh meat or something. in the live action show, its seen as a battle with few options but sacrificing those soldiers and going through a bunch of other plans before reaching that conclusion, ozai even asks Zuko his opinion so he’s not even entirely out of turn. also zuko actually fights Ozai back which while cool kind of defeats the purpose of the original. Zuko refused to fight his father and wanted forgiveness and that was the point, to make his father seem even more cruel for burning him anyway. also him even putting up a bit of a fight ia insane. it would be like a teenager amateur fighter putting up a good fight against the heavyweight champion. though I’m only a few episodes in. what I do like is iroh and ozai actually interacting.",analysis,
People I've seen always want Azula to have a redemption arc. She doesn't need one. At all. She won't ever get one. It's unnecessary. Not every bad guy needs to become a good guy.,hot_take,
"Kyoshi and Yangchen one on the most overpowered Avatars in the franchise (not the most powerful). Kyoshi casually split an entire peninsula from the mainland and created Kyoshi Island, while also living for over 200 years and displaying some of the most devastating large-scale bending feats ever seen. Yangchen’s power is crazy. Her airbending is so powerful that it could move the entire sky and create literal natural disasters like hurricanes. In my opinion, Aang is the most powerful because he learned all the elements so fast and we don’t see him in his prime, but Kyoshi and Yangchen don’t think twice about using brute force to beat their opponent. With the exception of Aang, Kyoshi and Yangchen are in a tier of their own in terms of raw power.",analysis,
Unpopular opinion I enjoy the animation more during season 1 than season 3. They seemed shockingly expressive when maybe the tech wasn’t as advanced back then during the first season.,hot_take,
"Oh boy, here’s mine that I’m sure will get lots of heat. Aang should not have gotten married. He should have stayed single and had as many children as possible with as many different women as possible. It’s not about the “ultimate bachelor” life, but more about assuring the continued survival of the airbenders. The more kids he has, the greater the chance of future airbenders",hot_take,
"How The Legend Of Korra ruined the Avatar. Lets start off with Korra as a character. Obviously she wasn't going to be the same as Aang but the stupidest thing is having her master 3 elements as a kid. The whole point of the Avatar is that they have to learn each of the elements in order in a consecutive sequence, each time they learn an element there character gets developed and experiences changes however, I think woke media got to them because apparently Korra doesn't need any development she already has control of 3 elements.",bait,
"Korra is the worst character in The Legend of Korra, and the worst Avatar ever: Trigger warning: This is going to be a rant towards The Legend of Korra, and my opinions about this show are not positive at all. Therefore, if you like this show, and you can't respect different opinions from yours, then get out. This is a post that may make people think, ""Thanks you, captain obvious."" But it will make other people think, ""You couldn't be more wrong!"" But I don't care. I just want to get this off my chest. I dislike Korra (the character), and I consider her the worst written character in The Legend of Korra. It says a lot when the worst written character of a story is the main character! And worst of all, the eponymous character!",bait,
"Korra haters are some of the most unbearable people in the Avatar fandom. We just got a brief summary of the next Avatar series, and they’re already jumping to conclusions with, “It was her fault,” “She’s a horrible person,” “F@$k her.” They refuse to consider context—something I always stand by. And of course, the replies are full of people using this as an excuse to be blatantly bigoted, throwing around terms like “woke,” “lesbo man-haters,” “women ☕️,” and “DEI Avatar.” One look at the account behind this tweet, and it’s clear they’re a terrible person—hell, they’re even a lol!con 🤮. The replies are just as bad, packed with accounts spamming “DEI Avatar” and “This is what happens when you put a gay Avatar in charge,” alongside other disgusting takes. I’m so sick of these people. Hating Korra is their entire personality, and they act like Korra fans never acknowledge her flaws—which is just NOT true LOL. A lot of us love her because she’s flawed and more relatable. The difference is, we actually use critical thinking and understand the context—Nickelodeon kept telling the creators that the series would end after Seasons 1 and 2, which messed up the story. And let’s be real, it’s hard to relate to an Avatar who was raised by Buddhist monks, known for their emotional intelligence and stability. I love Aang, but I don’t see myself in him much because I never had that privilege. Unless you live in one of the few countries where Buddhism is the predominant religion, there’s not much to relate to.",bait,
Azula stans blame everything and everyone for her actions... except herself,bait,
"Azula did everything wrong. She's still a shitty ass person in the comics following after the events of the show. Tried to kill her own mother, and even kidnapped children of the fire nation in the capital to try and get people to turn against Zuko. She's not redeemable, she's meant to be hated. What's worse than Azula sympathizers, Azula Aang shippers. Disgusting.",bait,"There is an argument being made, but the last two sentences are purely a pile-on invitation"
"Kataang is a really gross and messed up ship, and Zutara is far superior to it in literally every way.",bait,
"Hama was completely justified in rounding up the soldiers who took her and literally all but one of the waterbenders in the south pole. They were all locked up for nothing for ages, just waiting to rot. She did what she had to do to survive and so she invented blood bending (which isn't even that evil? Imagine the things it can do with healing!). She took revenge on those who imprisoned (and impliedly killed) all her people. If you ask me, just keeping the soldiers locked up in a cave was very generous of her.",hot_take,"Clear moral argument, but doesn't necessarily engage with show's framing of Hama as tragedy, etc."
I like that Ozai is one dimensional and not complex. There’s nothing about Ozai that makes him feel redeemable or good. To the viewer he is rotten to the core. This makes the fact that Aang shows him compassion and spares his life much more meaningful. The Air Nomads are based on Buddhists and Buddhism teaches compassion for everyone. We can’t always see something good or redeemable in someone but even those who are the most evil deserve compassion. So total fan of Ozai and the ending,analysis,
Airbenders being totally wiped out is so unrealistic. They were nomads who traveled the world. Who’s to say some didn’t hook up with random people of other nations & had kids with airbending in their bloodline? Surly some of the airbenders who were off-temple were alerted that the fire nation was killing them & would’ve went into hiding. Its hard to believe EVERY airbender was even part of the Air Nation & follows their ways.,analysis,"Hypothetical, but grounded in real internal show mechanics"
"I think Aang should've had to kill the Firelord. For one, it would've made for a way better arc. Aang struggled for a long time with the reality that he was going to have to kill Ozai. All of the past Avatars told him that he needed to do whatever's necessary to protect people. For instance, Avatar Roku admitted that he could've prevented the entire war had he made the right choice. It would've been way more meaningful if Aang had to embrace his role as a protector and save the world by any means necessary. By finding a way out, he never had to grow in this way. Even by the end of the series, he still has a weakness of being hesitant to do what he must.",analysis,
"Azula may be a victim of her circumstances, but she wasn’t brainwashed. She made all those decisions herself and deserves 0 empathy. Not every villain is redeemable. Some are a cancer in the world, and the only way to let the world heal is to remove them (i.e. prison).",hot_take,
"Katara hating Zuko was completely justified, not only were his actions directly involved for the death (or near death) of Aang but the only thing that saved Aang's life she almost used to take away Zuko's scar... plus add in Jet, mothers death, and many other things and she had a right to feel that way and Zuko knew that",analysis,
Toph isn't a very likeable character and plays the role of the Mary Sue who beats up Sokka and Aang for literally no reason.,hot_take,
"Hakoda was'nt a good chief. He left the tribe unprotected to fight Fire nation, and then in the comics he prioritize his relationship with Malina even thought she has a mission against the tribe, and when she confess he doesn't anything to deffend the tribe from those plans",analysis,
"Ursa was actually a really shitty mother. Sure, her interactions with Zuko were often good, but we never see her interactions with Azula other than when it’s in Zuko’s flashback. She clearly played favorites just like Ozai did, and obviously that neglect did a number on her daughters mental health. Killing the fire lord just to put Ozai on the throne was also a brain dead move.",analysis,
"Suki has no personality and her only purpose is being Sokka's girlfriend. Suki's initial character hinged on her being a warrior woman, in a very overt ""girls can fight too!"" capacity, which was fine for an early episode. She did her bit and Sokka learned his lesson. Then the show found its stride, and by the time Suki came back there was already a much bigger cast of fighting girls like Katara, Toph, Azula, even other non-benders like Mai and Ty-Lee. So, lacking her original niche, she was left with her aesthetic (which is admittedly killer) and...being Sokka's love interest. And the writers really didn't do anything with her beyond that. She has absolutely no flaws, no growth, we don't even know a single detail about her life other than being a Kyoshi warrior. Why did she join? What was her home life like? What conflicts did she face to be where she was? Mai and Ty-Lee were given more depth in five minutes on Ember Island than is ever given to Suki. Even the comics don't take any opportunities to expand on her as a character, she's just Sokka's warrior girlfriend. I don't hate her, it's just jarring to have a member of the Gaang, who was one of the key players in the finale, feel so empty as a person.",analysis,
"Kataang >>> zutara , always. Zutara shippers just want Katara as a trophy for the tall sexy boy.",bait,
"Let it go , Zutara shippers . It was never going to happen , Kataang was literally planned from season 1 . It's been more than a decade now , just let go for heavens' sake .",bait,
"The relationship between Yue and Sokka never made sense to me. I think them getting very close and Sokka being affected by her death after being sent to protect her is extremely important to the series. However, they really didn’t know each other that long; a week, maybe? I don’t see how they could have gotten such strong romantic connection that it affected Sokka well into his relationship with Suki, or that he wouldn’t have spoken to Suki about how he felt about that relationship ending. I think that, had Sokka become a close friend and confidante of Yue, without the romantic aspect of their relationship, there could have been the same outcome. He still could have seen Yue in the swamp, he still would have had issues with protecting those close to him and feeling responsible.",analysis,
Kuvira destroy's Azula . Stop it. I keep seeing people say Azula beats Kuvira. Please stop with the nostalgia nonsense. You guys gotta stop with the delusion . Kuvira is a MASTER metal bender. Azula has NEVER seen someone bend metal EVER let alone fought against it. How would she beat a MASTER of an element she's never fought against. Meanwhile lightning is commonplace in the legend of Korra. Azula has nothing that can surprise her. Please guys. Stop letting nostalgia cloud your judgement,analysis,
Kuvira easily beats Azula. Nostalgia has TLA community in a choke hold,hot_take,
Korra is not hated for being a female. That’s just not the case the Avatar fanbase is more misandrist than misogynist,hot_take,
"Some people criticize Korra for using waterbending too little, but the truth is that Korra is simply one of the most balanced avatars that ever existed. She uses all four elements with impressive constancy. She's the type who does a little bit of everything.",hot_take,
"The kuvira's redemption left me very confused and angry, because I genuinely thought she had given up on her plan because she saw Korra hold a nuclear explosion with her hands and realized that any further movement would be in vain. I was very disappointed and sad to see her redeemed Because villains who simply give up because they have been defeated not in the sense of being beaten until incapacitated or in the sense of being convinced by being morally defeated. I'm talking about villains who can still fight, but realize they're not going to win and just give up. This is getting rarer and rarer these days and I was genuinely happy to think that this is what happened. I understand the appeal of villains who are so obsessed with fighting to the death, or who only stop if they are morally convinced, but villains who simply realize that they can't win and that their next move no matter what it is will always be in vain and simply give up because they are smart is simply something I really like and miss",hot_take,
"When I watched TLoK around the time it first came out, I couldn’t understand why the Equalist movement was even a thing. There were bender gangs and the police were incompetent, but there were various cases of non-benders leading incredibly successful lives (for better or worse) in both series. The wealthiest man in Republic City was a non-bender while the supposed “superior class” consisting of people like Mako and Bolin were struggling to make ends meet. Then you had people like Tenzin and Lin who actively fought for equality as well. It seemed like a non-existent problem even into Book 2 where Varrick, another non-bender, had so much power that he was one of the leading instigators of the Water Tribe Civil War. Then, I watched Book 3… Zaofu is a flagship authoritarian ethnostate that promotes genetic determinism in the subtlest way possible. As a matter of fact, Zaofu literally checks every single box for the tenants of fascism as a whole. Everything in Zaofu is controlled by a single, elite bending family with no elections and no opposition. Suyin has a cult of personality centered around herself. The core philosophy of the city’s population is perfection and progress through bending. It may not seem like it, but militarism is baked into Zaofu’s culture and bleeds into civilian life. THE PEOPLE OF THE CITY LITERALLY WORK TOGETHER TO ENCLOSE THE PLACE IN A SERIES OF GIANT METAL DOMES FOR CRYING OUT LOUD! A non-bender has no place in this society except as a second-class citizen at best. This is a place where non-benders aren’t just an oppressed class, they quite literally CAN’T exist. Sure, a non-bender could theoretically live in Zaofu, but what could they possibly do there? The city was designed with metalbenders at the forefront. Even firebenders and waterbenders would struggle to compete with the earthbenders for work. Opal and the Baatars are the notable exceptions as they’re the matriarch’s family, but clearly they’re not the rule.",analysis,
"The GAang forgave Zuko way too quickly, they accepted him as a friend way too quickly. I mean, Aang died, he and Katara could've taken Azula and would've been able to escape if Zuko hadn't joined the fight, but he did (and that happened after the GAang gave him the benefit of the doubt) and Aang died. And he was still ""crippled"" by the event (he couldn't get into the Avatar State) when Zuko showed up, and yet he forgave him and became friends with him in one single episode. It felt cringy and too quick for me. I wouldn't have felt sorry for Zuko if the GAang never forgave him or just never become friends with him.",analysis,
"Ursa was not abusive or neglectful toward Azula. She just disciplined Azula when she misbehaved, which is what a good parent is supposed to do. Azula was just so warped by Ozai that she viewed Ursa actually parenting her as Ursa hating her. We also see Ursa reprimanding Zuko when he misbehaved, specifically when he threw the food/a rock at the turtleducks.",analysis,
"Zuko and Sokka were presented as foils in the first two episodes, but this was dropped later in the series, and Sokka ended up lacking any relation to Zuko outside of The Boiling Rock. I think that they could have played off each other much more. It would have improved the show significantly.",analysis,
"Rokus mistake wasn't, that he didn't stop Sozin. His mistake was not listening to Sozin. If he didn't brush him off with ""the 4 elements need to be separated and that's the last I wanna hear about it"", they might have achieved something similar to what Aang and Zuko did. When he banned Sozins plans to secrecy he lost all control to find a better path than war and genocide",analysis,
"I respect and understand Jet. His character has a lot complexity deep inside. But we still have to admit he didn't redeem himself. His most harmful trait was his hate for the firenation. He was ready to kill everyone who has to do with this nation even innocents. I understand where this hatred comes from but we can't say Jet redeemed himself or that he had a redemption arc. He never overcame his racism towards firebenders. Even to his death he stayed the same person. Now people might say ""he wanted to help them get Appa!"" yes but how is this redemption? He never had a problem with the gaang so there is no need to fix this relationship or to make him shine with this trait because he was already welcoming towards them in the first season. That's not a new character trait. Unfortunately there is a lazy writing trope to kill the ""asshole"" character as if the death redeemed everything he did. He died without facing his mistakes and without being really confronted to his harmful mindset. He didn't even sacrifice himself like most characters in this trope but okay let's say he did: how does this redeem him? Again, him being on good terms with the gaang doesn't mean he is a better person now. They could have handled it better if the connection between Zuko and Jet was longer till the point when Jet finds out his true identity, struggles with his own morals but learns to accept him till the point when he sacrifices himself to save Zuko.",analysis,
Katara should not have been at the last agni Kai and certainly not be the one who finishes the fight. Even tho I will never forget the tragic ending of azula completely collapsing after her defeat I would have preferred that she wins the 1v1 fight against zuko without katara,hot_take,
"Every on screen romance in ATLA and Lok is either unhealthy or just toxic (Except for Sokka/Suki and Bolin/Opal, they're wholesome)",hot_take,
"Metal bending becoming incredibly common makes its inclusion in Korra seem lackluster where it was one of the coolest elements of Toph’s arsenal. Even on rewatch of ATLA, it seems really weak.",hot_take,
the live action is great and lots of folks are mad it wasn’t copy and paste of original,hot_take,
My controversial opinion? ATLA has to be grouped with that trash of a show ATLOK. Hate & down vote all you want. That show is trash and doesn’t deserve to stand next to the masterpiece that is ATLA…,bait,
"One thought that occurs to me about Zuko's Agni Kai with his father, is the incident that got him into this mess. He objects to a generals plan to send an inexperienced division against an Earth Kingdom battalion. But the thing about a division is that it is comprised of many battalions. The general is planning to send it against a much *smaller* force. He is giving them the easiest first battle he can. So either writers did not know this, or this is a case in which Zuko hears the generals tasteless joke about ""fresh meat"", jumps to the wrong conclusion, and shouts out an intervention that makes him look an idiot to everyone in the room. On the one hand, you can see why this would make Ozai even more furious with Zuko. On the other, it all being a well-meaning *mistake* on Zuko's part, followed by his having to decide between disobeying his father (treason) and attempting to strike him (also treason) makes the whole thing even more tragic.",analysis,
Korra struggled because of Tenzin idk why people keep parroting that she should have listened. If all she did was listen to Tenzin then she would have never learned air bending or any spirit bending,analysis,
The thing is all of Korra's problems are because she doesn't listen to Tenzin.,hot_take,
"The Roku novels seem to have polarizing opinions from fanbase, with many feeling like they didn't do too much to add to the lore or the overall worldbuilding of the universe. But, I've gotta say Roku's personal journey and growth and how they tied it to him learning the elements has to be my favorite way they've depicted an Avatar in training. With him going from the start of first book with him being very abrasive, impatient, hotheaded noble, especially with Gyatso, to being a very tranquil, open minded, very rational individual at the end of the first book and throughout the second book and this behavioral change is tied to when he starts airbending. We see a bit more of this in the second novel as well. He had a twin that died from drowning, since then Roku had started associating water with death, which severely hindered his ability to waterbend when he first started training, and as we are told a few times throughout the story that Roku had insecurities about his slow progression as far as learning the elements went. Low and behold at the end of the second novel, after learning a bit of waterbending, accepts his slow progression and even decides to spend time in the North just learning and living in their culture instead of immediately starting his waterbending training. All in all what I'm trying to say is I loved how they directly tie his elemental training to his overall mentality as he grows and matures and how these different mindsets help him achieve that maturity.",analysis,
"Toph parents actually had a point. Here me out, she was very fearful and delicate as a little girl before she learned earth bending. Plus she hid it from them for years and played into the role of being helpless. When she wasn't able to ""see"" when walking on the ice you see her panic and regress into how she was before she became independent. She was only 12 and her life was in constant danger the whole time they only wanted to protect her and a lot of people act like they were bad to her.",analysis,
"In episode 1 I feel like the reaction Aang had to finding out he was the last airbender was kinda of underwhelming and pointless, I feel like the reveal should’ve been kept to the 3rd episode.",hot_take,
"I recently came across a video saying that Korra losing to two thieves was a bad writing and inconsistent. They said that Korra only lose the sparring match against three fire benders because she had a hallucination. So she was physically healthy. But with thieves, she didn't have any hallucinations. So it was inconsistent and bad writing. But you can clearly hear the sound of Zaheer's asphyxiation technique (air swirling around) in this scene. The way Korra clutching her head and the sound indicates she had a PTSD episode there. They didn't visually show that here like before. There is still sound effects. How does anyone not notice this? I thought it was obvious.",analysis,
"Both the Yangchen and Kyoshi novels show us a per-war era and I love, how we get a Fire Nation before Sozin. What I especially like is, the way the Earth Kingdom is depicted: especially in Kyoshis day, it was a mess with bandits, corrupt officials and what have you. Ok, that is not overtly different from the main series. But there it was depicted in the backdrop of the war so it got not the most attention. Understandable, when one considers how dire the Hundred Year is. The Fire Nation in contrast feels almost…. Normal? Like yeah, it has court intrigues but the country as a whole does not feel evil. More like, we explore a different, smaller aspect of this world but it doesn’t feel contrived, it feels natural. Sozin‘s war really carved a wound in this world. Its honestly insane that Aang and Zuko managed to mend it.",analysis,
"How Korra was raised is really striking. She grew up in a fortified compound in the middle of nowhere, forbidden from leaving and unable to visit anyone outside it, except perhaps on a handful of days a year. Her parents lived far away from her, and I think she was only able to spend time with other kids a handful of times a year. The White Lotus and her parents lied to her, telling her that this isolation was the wish of her past life, when really it was their decision. She was ordered around by the White Lotus, taught to obey them, and chided whenever she didn't. Tenzin scolds her for violating the ""orders of the White Lotus,"" even though she is 17 and even though her parents were completely fine with her leaving. Who does the White Lotus think they are, to order around a nearly adult Avatar like that? And finally and perhaps most importantly, Korra was relentlessly trained to be Avatar while being denied to the opportunity to develop any sort of identity outside of that. I know that it was all justified as ""protecting her,"" but the reality is that the White Lotus treated her more as a weapon than a person. They denied her anything even remotely resembling a normal childhood, in complete rejection of tradition. I say this all because I think two of the most prominent traits of Korra as a character are that she struggles to develop any sort of sense of who she is other than being the Avatar and that she's isolated, naive, and cut off from the broader world and has never developed the skills to cope with it. Both of these can be laid at the feet of how the White Lotus raised her. One interesting thing about TLoK is that, although so much of show is about Korra struggling to overcome the ways her childhood limited her and stunted her, none of the people who are responsible for hurting Korra are ever really called out for what they did.",analysis,
"Every attack on Iroh is always framed to protect Azula, your wubby. Hello r/PoorAzula. I see you have trouble with understanding the text again. You'll get there eventually.",bait,
"I wish ATLA would have explored the ambiguity of Long Feng/Kuei more. Long Feng was almost certainly the one who repelled Iroh's siege. Ba Sing Se spent a century unconquered and that had *nothing* to do with the Earth King, Long Feng and his predecessors spent 100 years successfully protecting the city. The Earth King takes control and the city falls in days because he (mostly) blindly trusted whoever showed up. Sure, Sokka vouched for them but...any competent ruler would have vetted them still. Long Feng would have had Azula in a jail cell in an hour. I wish the show would have grappled with this a bit more. Azula would have been *far* less likely to succeed if Long Feng were still in actual power and not sitting in a jail cell. Ba Sing Se fell because the Gaang chose incompetent good over competent evil. But the show never really talks about that and I feel like it's a giant missed opportunity. I'm not even saying the characters made the wrong choice, but they should maybe question that choice a bit",analysis,
"The Chase is my favorite episode and is criminally underrated in my opinion. It balances so several different tones and storyline in a single episode. The build-up of the Gaang getting more tired and on-edge (something that is mirrored later in the season in The Desert). The rocky (pun intended) integration of Toph into the team. Zuko's and Iroh's reunion after Zuko Alone. Each of these things could've been their own episode but they were seamlessly worked into one. If also balances tension, comedy, and action very well. The battle in the abandoned village is one of the best fights in the series.",analysis,
"Mako is my LEAST favorite character of Korra. Before yall get mad at me, I’ve only watched up to season two, episode 5-6, and watching Mako fumble the bag, not once, BUT TWICE is outrageous. Both girls, Asami and Korra, are basically handed to him on a silver platter, and he throws them both away (kinda) which infuriates me. I get it, he’s a good guy and in all honesty he’s an ok written character (in my opinion), but his character just makes me cringe sometimes like I haven’t with any other character. He has such a big ego that he can’t let any of his girlfriends win the argument; escalating the heat further. All in all, Mako is an alright created character, but sometimes the show can be very frustrating to watch when he does something I probably wouldn’t.",hot_take,
"Maybe Mako is kind of a mess, but Bolin has a lot of character development. Each season he's much more mature and wiser than the last, experiments with careers, delves i to politics, never stops searching for love and freaking finds it. Then faces real adult problems with her, changes his mind and wins her back by becoming a better person.",analysis,"Claim could be supported by more specific evidence, but there is argumentative structure"
"Bumi takes after his Dad and Uncle so much and I love him for it. He is the oldest, and at least for a time he got to be his father's only son and focus. He got to see his father still stumble and be confused about being a father. He got to see him silly yet responsible, he got to see him relaxed and dorky. Kaya likely did too. Tenzin instead got to grow up with the expectation-heavy father who was focused on what he perceived as a duty to revive his own culture and saw his youngest son as the start of that. Bumi inherited both his heart and spirit, which included his sense of duty as Bumi literally became a general and leader, following in the footsteps of both Aang and Sokka, and inheriting his grandpa's beard. Tenzin inherited his responsibilities as an Air Nomad, and in a way you could say he inherited the other side of Aang's heart. Kaya seems to have largely inherited his spirit, she is very free-spirited after all.",analysis,
"Zuko's scar represents many things, his missing honor, his shame, his exile, later down the line, his dual linage and a whole bunch of other things that can be said about what it represents. It is also used for visual storytelling where a choice or something about Zuko is shown through how the camera positions Zuko and the entire conversation around him. Image 1: Iroh questions if Zuko remembers the last time he dueled a master with Zuko responding in kind that ""I will never forget"" with the camera showing only the scarred side when he says that. Now, we know now it was Ozai who did it but in the context of the episode placement and when it released, it already gives us an origin for how Zuko got the scar and what it means to him in the conversation before with Zhao, way before we get to ""The Storm"" where we see what triggered his banishment and quest for the Avatar and it does all that with a simple sentence and utilizing the camera. It helps foreshadow what’s to come later down the line by giving us the broad answers (how he got the scar (Agni Kai from a master) and what it means (disappointment, failure and dishonor)) before we get into the specifics of how it happened. Image 2: Azula has just tracked down Zuko and Iroh to try and bring them back into the Fire Nation as prisoners welcomed back royals by spinning a story about how Ozai fears a plot to overthrow him so he can only rely on family. Just before Azula says that Ozai would welcome him back and that he regrets banishing him (he doesn’t), the camera spins around so that Azula covers up his scarred side, she covers up the shame, dishonor and disappointment that the scar represents to Zuko before telling us what her great news brings.",analysis,
Legend of korra doesnt compare at all to ATLA. And the fact that ppl think its a tie is a joke😂,bait,
"Aang was never thought of or portrayed as bad father. He was flawed, but he was never bad. Kya and Bumi loved him. They speak fondly of him often, and we see how much of Aang is in both of them. But the reality is that Aang was not only the Avatar, but THE last Airbender. He had responsibilities outside his family, he had the whole world to take care of. It made sense that the few times he could, he would spend most of his time with Tenzin to give back the thing that was taken from him, what he sees as his greatest mistake, to revive the Air Nomads. Does that justify it? No, but that doesn't mean what he did was wrong either. Who knows that would've happened to the world if an entire nation was wiped out, what would happen to balance and the avatar cycle. Even in his own family, he had no choice but to be the Avatar.",analysis,
"Defiantly when Zuko relapsed at the end of Book 2. I know we all were mad at him when we were kids for betraying Iroh, Katara and team Avatar but this was so needed in the story. For Zuko’s personal story he needed to see first hand that Ozai wasn’t going to treat him any differently had he captured/killed Aang at all, he needed to see first hand, without Iroh just telling him about that. Plus it left the story on a cliffhanger which was much needed in the grand schema of things to make the fire nation seem unstoppable to the heroes. Lastly, it catapulted the arch’s of other characters like Aang and Katara. Without his betrayal Aang never gets shot with lightning and never learns to be more decisive as an Avatar. Don’t forget it was he, who was planning to sacrifice the Avatar state for Katara and put the world more in danger, Katara needed to be betrayed so that she learns not to put too much trust into people and be more careful who she chooses to trust. As well as, have that arc with her and Zuko about regaining trust that was once broken. Honestly hats off to the creatives in the show for this decision.",analysis,
"Bumi deserves more love. He is a master strategist and general. In one scene, Tenzin says that in the spirit world Jinora and Korra will not have bending and will be left defenseless. Then Bumi chimes in, saying he never had bending and he wasn't defenseless. And both Tenzin and Kya, his literal siblings, straight up forgot that he is a top tier general with strategies and tectics that matched Sokka. I really wished the writers expanded more on Bumi instead of making him look like an idiot bum. They could have made him a bum but when war come sout he suddenly makes the most perfect, undefeatable strategy. I just think Tenzin's siblings deserved more attention",analysis,
"There is one thing I hate about Book 4's portrayal of Korra's trauma. And it's how it magically goes away after just one conversation with Zaheer. Instead of learning how to healthily manage and live with her trauma, it just goes away completely, never to be seen again. Suddenly her flashbacks/hallucinations are a thing of the past, she's back to normal, and all is right with the world. This is a very dangerous message for any young viewer who actually suffers from trauma (and potentially dangerous for older viewers as well). It reinforces the ""you are broken and need to be fixed"" & ""you need to get back to normal"" presentations of mental health struggles.",analysis,
"Its not about possession. Its about control. Azula's need for control over everyone in her life. When things stopped going the way she thinks they should or how she expects people to behave, it threatens her illusion of control she has over others until eventually she lost control of herself.",analysis,
"Hot take but: The first image is P'li combustion bending. It is the largest explosion she made that I could find. The second is an explosion made by combustion man. The size difference is insane and P'li should not have been that hard to take down. It took two of Toph's daughters and an army of men to defeat her, along with many casualties I might add. Meanwhile, the gaang could only beat combustion man with a lot of avoiding and a lucky hit. The red lotus should not have been that terrifying. In my opinion it's not that they were strong but that the others were just kinda weak.",analysis,
"I always see post online arguing that legend of korra villains were more complex than ozai, which i whole heartedly agree with. The one that makes me scratch my head or the one that I disagree with is the idea that amon wanted equality. When I rewatched the show, to me amon did not care about those things. He used the equalist movement to gain a following to gain power. Through that power he would basically take control of republic city.",analysis,
Why couldn't the creators just have Korra Asami and Mako in a relationship?? I mean if you gonna promote same-sex relationships why not have a poly relationship between the 3 I felt Asami and Korra still loved Mako so I felt all three should have been together P.S. The creators also did Mako dirty,hot_take,
"People really seem to have this idea that Aang's flaw was selfishness, which just makes no sense. Aside from hiding the map from Sokka and Katara which absolutely was selfish and manipulative, iirc. Aang was not selfish for fleeing the temple though. People will often defend it saying he was just a kid, but that's honestly unnecessary. It wouldn't have been selfish regardless if he were a kid or an adult being upended and losing so much support. I guess avoidance can perhaps seem like selfishness from a certain point of view, but to me it just does not strike me as such depending on the context.",analysis,
"Read thu the Kyoshi novels which I thought I would love because she is one of my favorite characters. But (and I know this sounds stupid) it feels kinda… fanfic-y? Like ever hung in the Avatar universe feels grounded. Even metalbending feels like a natural extension of the worldbuilding. But in the Kyoshi novels? We got: Freezing hearts, Dust walking, glass bending (I havent watched atla that much but like glass seems minimally present so 300+ years ago it would probably be more rare), white firebending (which ig is possible cuz we have Azula at 14/15). Idk I feel like bending is cool when it’s at the small scale, and it wouldve been cooler to see the diplomacy needed as the Avatar but what do yall think?",analysis,
I think Iroh in the afterworld and korra short vacation are equally bad... cuz both are from the legend of Korra and Korra sucks AF,bait,
"So let me get this straight: Iroh using the spirit world as his personal retirement home is perfectly fine. Aang spending half of S3 on vacation in ENEMY TERRITORY, as well as trying to skip fighting Ozai on the day of the Comet-even though Roku warned him he had to beat Ozai BEFORE THEN-is also perfectly fine... But Korra taking a short vacation in the spirit world with her girlfriend AFTER dealing with the most recent threat while everyone is celebrating a moment of peace... that's objectively selfish and completely wrong? Yeah sure, I see how it is...",analysis,"Originally thought it could be bait, but there is a real argument, just sarcastic rhetoric"
"I love how this show, shows that there is no good or bad people. I mean think about it. Along the journey we see that there's good and bad in every nation. The Northern water tribe was oppressive towards women. The Earth kingdom was rife with corruption and bandits. And we saw that citizens of the Fire Nation were actually pretty kind. The Legend of Korra does it too. I feel like growing up kids are taught to see one nation as the enemy, you can't trust anyone from there. I remember my teachers talking about how America was so much better than other countries because women had rights and so on, but now I think we all know America isn't some Utopia",analysis,
If there's one thing i might have changed about LoK is giving her a bff that journies with her to Republic City vs her needing to make 3 brand new friends to make up her roster. It eases up having to build up all these relationships in such a short amount of time.,analysis,
"Hot take: Korra has more depth and character development than Aang. Whether you like Korra or hate her, she changes dramatically through her journey. Aang changes through his too, but compared to Korra he pretty much stays the same, or stays true to himself. I think this is also connected to how both shows portray power. Aang begins as an airbender master, but is shocked to learn he should fullfill a role with even more power that is being the Avatar. His journey is about growing stronger and gaining power in order to be the good person with a lot of power that defeats the bad person with a lot of power. Korra on the other hand starts her journey with having trained her whole life to be strong and having power so she can follow in Aangs footsteps, not only did having power help him with his probably greatest achievment, aka dethroning Ozai, she was also raised under the white lotus that trained her to be strong and though. Since Korras story focuses way more on the multiple conflicts with power and what it means to use it beneficially, especially in a time of peace, it deconstructs way more about her and her character than with Aang and makes her more layered and gives her more depth. I am NOT saying Aang is badly written or a horrible character. I am just saying that Korra is, at least in my opinion, better written wich has a lot to do with how both shows are dealing with power and the use of it.",analysis,
Korra has more depth and character development than everybody not named zuko,hot_take,
"For some reason, in the Netflix show, firebenders seem to prioritize this claw hand shape when firebending, whereas in the cartoon, it's a fist the majority of the time. FOR ME, I think the claw hand looks a bit dumb compared to the fist, even when they use an open hand to firebend in the cartoon, it's a flat open hand, the claw shape reminds me more of when Azula is going all crazy, and it works there because you know, she's crazy. I don't know if this bothers other people but this is just something I've noticed about the Netflix live action that I wanted to talk about. And yes, I know that they used all types of traditional martial arts to characterize the different bending styles for the cartoon, and obviously the live action is clearly walking the same path in terms of the styles of bending relating to real world martial arts, unfortunately for the live action, their stunt coordinator loves the goofy looking open hand, even if it's ''closer to the original martial arts'', it just doesn't look as good",analysis,
"Korra's regular Book 1 and Book 4 outfits are more or less the same so I don't think there's as much intentional symbolism behind them, however I do think the evolution between her Book 1 and Book 4 formal attire holds much more weight to her development and identity as the Avatar. The Book 1 formal outfit we see her wear looks fine enough, but something about it has always struck me as off and I couldn't quite place my finger on it. The more I thought about it though, the more I realized that she simply just looks kind of... well, awkward in it. The outfit on its own isn't bad and I'm not even saying that Korra looks bad in it, but every time I see it, it almost gives me the vibe you get while seeing a teenager be forced to wear church clothes they grew out of a couple years ago but didn't have anything else to wear. It doesn't feel like proper attire for someone just about to enter adulthood, and this is only accentuated seeing her stand beside her team (see second pic). Asami, Mako, and Bolin look like actual adults and seem more comfortable in their appearances, with much fancier and more elegant clothing (Especially Asami, but she's loaded so duh lol). Compare this to Korra's Book 4 formal outfit and the difference is night and day. The loose, flowy sleeves, intentionally exposed shoulders, the more striking colour palette, her necklace, everything feels so much more refined, intentional, and matured, just like her at this point in time. Her Book 1 outfit corresponded with her mindset at the time: awkward and unsure of herself, a kid trying her best to fit into an adult situation with peers far beyond her maturity, while her Book 4 outfit is not only representative of her becoming a more experienced Avatar, but someone who has finally settled into their adult identity and doesn't feel like she's just trying to fake it. She is visibly so much more comfortable, and despite the two outfits being just 4 years apart, you could have easily fooled me and said that Korra was in her 30s in the Book 4 outfit because of how much more mature she looks based on the outfit alone.",analysis,
"I wish we got to see mako be more emotional and vulnerable instead of keeping everything bottled up, ofc we can tell he's sad at moments but shit it doesn't feel like how other characters react, other characters were allowed to break down cry or get and try but mako rarely got that treatment it feels like the writers expected him to just carry everyone's problems without ever reaching his limit and there were so many good moments where a proper emotional breakdown would have made sense and added a lot to his character (he is still a great character!) instead his feelings look like are getting pushed aside, I like mako but I can't help feeling that they really butchered his emotional development and missed the chance to make him a more human and relatable character than he already is, like look at bolin crying here but not mako.",analysis,
"Korra is actually insanely powerful physically. Like no debate. She’s constantly fighting top-tier threats and shes good at it but she really fights head on and loses a lot leading people to call her dumb and weak-strong. The thing is her fights don’t look clean. Even when she wins it’s usually messy, high diff, she gets pushed back, injured, or barely scrapes through. So ppl remember the struggle more than the win.",analysis,
"Korra is NOT naturally spiritual at all early on, but what she achieves is actually crazy. Spirit world entry, opening portals, reconnecting with Raava after losing her, literally changing how human + spirit worlds interact forever. That’s not small stuff, that’s world system level change, like fricking creating a spirit portal 8 years after when she couldn't meditate, even if she was realized Avatar. And ppl act like she’s “bad at spirituality” just because she struggles with meditation and grasping it early on, which is kinda missing the point. She builds that connection from zero and still ends up reshaping the whole spiritual landscape. Tenzin is just a really good teacher",analysis,
"Many people criticize this scene for destroying past lives, but I hate it because it robs Unalaq of any nuance he had and makes him cartoonishly evil. He's been talking all season about balance and how spirits and humans should live together, that Wan separating Raava and Vaatu was a terrible thing and that he intends to correct that by becoming the new Avatar and bringing true balance to the world. But the first thing he does as the new Avatar is literally destroy the balance again by killing Raava and tipping the scales in Vaatu's favor. How is this better than what Wan did? I'd say it's even worse, because at least Wan only imprisoned Vaatu and didn't destroy him. If Unalaq wanted to restore balance, he should have merged with Raava rather than destroying her, and if this couldn't be done without her consent, he could've killed Korra, since he no longer can convince her, and tried to groom the next reincarnation into helping him.",analysis,
"I’d say that Unalaq was the only truly cynical villain in LoK, the rest had beliefs and causes they valued more than themselves, while whatever beliefs Unalaq genuinely held were secondary to his own hunger for power",hot_take,
"It was obvious Korra and Mako were not going to last. Book 3 had me questioning whether I was just seeing what I wanted to see or if they were actually hinting at something happening (especially come the finale when Asami is the one helping Korra get ready, etc.). Book 4, it was obvious from the moment they revealed Korra only wrote to Asami during her years away, and it was on full display when they reconnected and Korra blushed at Asami's compliment. Then there was the cup of tea, ""Oh, you're so sweet."" Etc. etc. etc.",analysis,
Korra destroyed the world by leaving the spirit portals open.,hot_take,
Korra is a Mary Sue who never loses and everything is handed to her.,bait,"Demonstrably false argument, but invites engagement"
"Idk if this is a hot take, but I think Season 1 should've done way more to show the bad sides of Earth, Water and even Airbenders. So something odd I noticed about Season 1 is that, when it talks about some terrible events related to Bending (which is an important theme involving non-benders trying to rise up and encourage ridding the world of bending), there's way more negativity formed in regards to Firebending than the other styles. Mako and Bolin's parents? Killed by Firebenders. Asami's mom? Killed by Firebenders. Amon's fake backstory is specifically centered around being burnt by a Firebender. Now I'm not saying the other styles are shown to be negative, it's just... they're done so way less. In terms of Season 1, the only instance where I can understand hatred being extended to Water and Earth bending is because of Tarrlok abusing his power, and the Earthbending police trying that mass arrest of several innocent civilians. But I don't really count that because those instances only occured after the whole Equalist stuff even began. So I'm just confused why, from the start, the Equalist movement was formed mostly in adversity to Firebenders (they were the reason Asami's dad joined them and ofc Amon's fake story), and yet they're just as willing to harm the other forms of bending, which is very out-of-nowhere, especially for Airbending. Like, I'm not saying the Airbenders should've done something evil, but I'm wondering why an entire crowd would be chanting and cheering for a bunch of pacifists who stay to themselves to lose their bending eternally.",analysis,
"imho destroying past lives was a good and logical writing decision and i dont mind it at all. aang heavily leans on his past lives in atla because its been 100 years since the last avatar and there's no one around who can teach him about what the avatar entails. there's even an episode where earth nation soldiers attempt to trigger aang's avatar state by chucking mud at him because no one knew how it worked - enter roku, who explains the mechanics and costs behind the avatar state. but korra has been training to be the avatar her whole life. from the white lotus, katara, and tenzin, she doesnt really need her past lives as much (save for the scene at the end of s1, which i thought was perfect). you can clearly see how much more the world knows about the avatar in tlok, seeing how zaheer knew exactly how to end the avatar cycle through mercury poisoning. more importantly, katara and toph are there to counsel korra through her tough times, in substitute of the avatar wisdom. if you ask me, the whole arc in s4 with korra and toph is way more interesting than korra simply receiving advice from aang himself or any of the past avatars we've seen dozens of times in atla. its also absolutely necessary to remove her past lives as a build-up to ""korra alone"" by not giving anyone for korra to possibly lean on (just like ""zuko alone"" in atla). and honestly, the fans love aang so much that reintroducing him constantly in tlok would take the spotlight away from korra and she wouldn't shine as much as her own character. sad as it is, forcing viewers to accept that aang is gone will encourage them to move on and focus on the originality of korra. while it is disappointing that the next avatar won't have access to their past lives, i do like the idea that they will try to get it back continuing the cycle of avatars ""fixing"" the mistakes of their predecessor.",analysis,
"Kuvira is not as ""hot"" as everyone seems to be raving about lately... plus, she was a flatout wannabe dictator that did nothing good for the Earth Kingdom (you heard me, NOTHING) and just wanted power just for the sake of having it. She's a good fighter, that's all she's got going for her.",hot_take,
"Amon was a liar. He didn't believe in the cause he started. He just wanted power. Yakone said Bloodbending was the most powerful but Amon said that the Avatar being able to take bending away was the most powerful. So he spent years perfecting being able to do it. He sought the greatest power he could imagine. And with a loyal army of equalists hanging on his every word, he had power of people as well. He didn't want equality for the Non-Benders. He wanted superiority for himself. If he succeeded and took all the bending away he'd be the only bender and have superiority over the Non-Benders. His goals were selfish and all about personal power.",analysis,
"Asami is overrated. To me, it felt like she had no real character development and was just there to bounce off other characters; and said dynamics with other characters weren't really that interesting.",hot_take,
"Tenzin and Korra are extremely similar personality-wise (down to love triangle shenanigans), yet he is consistently put on a pedestal and Korra is perceived as unlikeable.",hot_take,
"Korra's Team Avatar were just as useful in teaching Korra as the Gaang was, just not from a bending perspective.",hot_take,
"The turtle-lion was a literal Deus ex machina who came out of nowhere to give Aang the exact solution he needed. I would have preferred Aang had to overcome some obstacles to obtain that knowledge, maybe another dangerous spirit realm journey a la the face stealer. Make him earn his solution, or at least preview in the series that a lion turtle with cosmic knowledge exists before we meet it.",analysis,
"Book 3 of Korra has the best bending ever seen in any season of Avatar. It has the best displays of air bending, metal bending, lava bending and combustion bending. If book one of Korra was a display of how far technology has advanced since the time of Aang then Book 3 was a display of how far bending has advanced.",hot_take,
"I don’t understand why everyone thinks Ursa failed Azula. The only time we see anything about it is when Azula is in Zuko’s room bragging about how their father was going to murder him and how gleefully she recounted the story was sick, and Ursa put her in her place. You don’t let one of your kids torment the other for fun. As a parent that would be terrifying and heartbreaking all at the same time. Not to mention, he was absolutely going to kill Zuko. And Ursa was not about to let anyone torment him while she was still around. Azula is not okay in the head. Probably never was. People, she needs intense psychological treatment and probably medication forever to even her out to not try and murder people. Not just a tea time with uncle and mommy.",analysis,
"I don’t like how everyone suggests avatar get more powerful with reincarnations, there is literally no evidence to suggest this. We never see Roku, Aang or Korra do as big of a bending feat as Kyoshi, nor as big of an airbending feat as yangchen. Roku never says it allows you to be more powerful and do the same amount of feats as the previous avatars. By this logic Wan should be a terrible bender, but he is still more skilled than most avatars. Also it kills all interest from a writing standpoint",analysis,
"Sokka’s relationship with his mom is too unexplored. It’s one of Katara’s defining characteristics that she feels anger and guilt that her mom sacrificed herself so that Katara could be the last waterbender of the southern water tribe, but sometimes it does come off that she feels she loved their mother more than Sokka. And that’s okay if she feels truly that way btw, she can have a realistic character flaw, I just wish we had a moment in the show where Sokka discusses their mom either to Suki or Zuko so that it’s clear that her death truly impacted him too",analysis,
"Ozai’s pretty one dimensional, but that’s all AtLA really needed. Imo the real villain in AtLA was the Fire Nation as a whole; Ozai was just a symbol. Korra villains were much more complex and that definitely helped LoK tho.",analysis,
"Azula logically would've become the strongest firebender of her time. The only people of her era who are widely believed to have been better firebenders than her are Iroh and Ozai. Mind you, we're putting a teenage Azula in their same category. She was so strong that her flames were blue by the age of 14. Logically by her 20s to 30s, Azula would've put her father and uncle to shame with her skill.",analysis,
Aang wanting to kill Ozai was selfish and almost ended the world.,hot_take,
Zuko would have won against Azula regardless of whether she was unhinged or not in the Final Agni Kai.,hot_take,
"Jet is a more complex and sympathetic character than people think. So is Hama. I have an issue with “well intentioned extremist” characters being depicted as villains, because they are both people who are victims of imperialism and trauma. I don’t agree that innocent people need to be killed but I also don’t agree with the narrative framing them the way it did.",analysis,
Manual avatar state(and kinda the avatar state in general) was a poor world building decision. It gives the avatar a get out of Jail card which removes the stakes in a story. You can only play the mercury once before it becomes repetive.,analysis,
Mako should have been killed off in book 3 or 4,hot_take,
Roku is the worst Avatar in history and it’s not particularly close. His action directly led to a genocide that took two centuries to even start fixing.,hot_take,
Fans use Korra's production background far too often as a way to deflect any criticism the show receives.,hot_take,
"Downvote this post, HOT TAKE INCOMING. Legend of Korra is better than ALTA.",bait,
Tenzin and Lin should replace Asami in The Krew.,hot_take,
"Amon was not the most op villain. Mako was able to break out of his bloodbending and electrocute him. while this points towards how strong of a bender Mako is, this also shows that Amon isn’t all powerful and i feel like a lot of ppl forget this when they put him in those “who wins? vs” battles.",analysis,
"I find it hard to count Suki as part of the Gaang. she’s an amazing character, but the Gaang to me is abt their dynamic as a whole. meanwhile in the show we only really see Suki interact with Sokka and not Katara or Toph or etc. she’s friends with Zuko in the comics, but that’s in the comics. just bc she’s around their age doesn’t mean she has to be automatically included in Team Avatar. but that’s canon so what can i really do lol",analysis,
"The avatar state lost nearly all of its coolest aspects. It was originally the combined knowledge and experience of countless bending masters all channeled into the current avatar, essentially turning them into super being with godly technique. Then it was changed to be a Raava based power-up with phone-a-friend feature tacked on, the loss of the past avatars didn't diminish it in really any way.",analysis,
"Aang unlocking his chakra point and thus the avatar state via a rock was one of the worst writing choices in the series, and was a lazy way to address his block. There could have been so many interesting ways for aang to fix it but it was handled badly.",hot_take,
There was nothing wrong with Aang resorting to lying for the Great Divide episode. The feud was getting in the way and would have caused further problems. It was a smart way to fix the issue.,hot_take,
"Zuko vs Azula last fight. It was almost perfect except for the last scene when Katara came in and Azula attempted to zapped her with lightning. I rather Azula lose to Zuko proper, but couldn't accept it then tried to either zapped Katara/Zuko from the back, leading Katara vs Azula. I feel this properly symbolise Zuko's growth and choosing of love over Azula's rigid and using of fear.",analysis,
"In the finale, Zuko was an idiot for asking Azula to make lightning (he basically asked to get shocked), and Katara should NOT have been standing in the battlefield",hot_take,
Zaheer is a good villain but often even more infuriatingly arrogant then Amon or Azula and I think it takes away from some level of empathy they try to make us feel with him.,hot_take,
"Azula doesn't need a redemption arc. Azula's character wouldn't want to be redeemed, and she doesn't need it.",hot_take,
Aang having his pressure point hit and him finally going into the avatar state wasn’t really stupid or an ass pull.,hot_take,
Iroh was not nearly as good an uncle to Azula as he was to Zuko.,hot_take,
Aang was acting like a selfish and spoiled brat when told he had to take Ozai's life despite the fact that Ozai and the whole FN were ready for a second wave of genocide.,hot_take,
I swear that if the zutara shippers can just accept that their ship isn't endgame and stop misinterpreting canon to justify it there wouldn't be so much hate coming from the other side.,bait,
ATLA fans have some of the worst media literacy of all the fandoms I’ve seen,bait,
"Lava bending is lame. Like, I think it makes perfect sense for an Earth bender to be able to bend lava, but turning earth into lava is dumb. I think that Mako and Bolin developing a team up bending technique where they put their heads together to create lava would have been a more satisfying pay off.",hot_take,
"Varrick was fun for a minute, but mostly detracted from the previously established comic relief: Bolin. He should have remained a side character rather than becoming a main focus.",hot_take,
"The idea of Jinora being spiritual as fuck is just a boring, out-of-nowhere Deus Ex Machina",hot_take,
"Not only does Toph becoming chief of police actually ALIGN with her character, but I think it rubbed a good chunk of fans the wrong way because they're politically anti-cop to begin with",hot_take,
"Kataang did not need to happen. They’re literally teens. Aang is like, 12. He’s not even a teen.",hot_take,
99% of Korra fans would hate it if it existed in a vacuum without AtLA to fall back on,bait,
No live action adaptation of the show is worth watching because it will be inherently worse than the original.,hot_take,
"KorrAsami or whatever they call it was stupid, forced, and came out of nowhere.",hot_take,
"The avatar series should always have the previous generation avatar team/that generations kids be mentors or allies of the following avatar. Not seeing Suki, Mai, or others that were friends of Aang not have any part on Korras life was let down.",hot_take,
"The avatar should know how to lava bend, combustion bend, lighting bend, fly with air, etc. How can you tell me that none of the Avatars in any of their rebirths had those abilities?",hot_take,
Ozai is a trumped up punk and who's only accomplishment is lightning bending and can be taken out by any semi-competent fire bender with killing intent.,hot_take,
"Aang was purposefully drawn White so the show would have a ""relatable"" white protagonist.",hot_take,
Katara fans are the most toxic mfs. Korra haters are close tho,bait,
"Avatar Kyoshi novels are unnecessary. I know they’re highly praised and very well received, but Kyoshi was arguably cooler before her origins and backstory were explained",hot_take,
"I'm not a big fan of any of the romantic subplots, but it is very infuriating to me that the romantic subplots in ATLA were a lot more subtle then they were in LOK.",hot_take,
Korra losing her connection to her past lives was stupid and now she should be no stronger than any other bender.,hot_take,
"Azula is a piece of shit, deserves no redemption and people simping her are just pedos.",bait,
My hot take is uncle Iroh is a war criminal and shouldn’t be as celebrated as he is.,hot_take,
Toph creating a police force made sense. Her leaving the force and running away makes even more sense.,hot_take,
Kuvira got the redemption that Tarrlok and Noatak should have gotten.,hot_take,
Sokka is arguably more important to the war effort than Aang was.,hot_take,
Bumi should have stayed a non-Bender.,hot_take,
"I like how the gaang didn't grow up to be the ""perfect"" parents and that they kinda maybe unknowingly fucked up their kids in ways they probably didn't intend to do.",hot_take,
Korra doesn't have well written characters or plots people just like it because they were desperate for avatar content and don't wanna face the truth that nothing will have the magic ATLA had. You can deny it as much as you want.,bait,
Magically giving airbending to a bunch of randos was a poor narrative decision. It's just such a cheap way to restore an almost extinct culture.,hot_take,
Destroying the Avatar cycle was a good narrative decision that directly ties into the themes of The Legend of Korra.,hot_take,
"Legend of Korra is a terrible show. Even outside season 2, it's full of bad writing. Anyone who thinks otherwise has got nostalgia goggles on, are in denial, or do not have the critical thinking skills to notice its many flaws.",bait,
Azula is just a child who deserves to be redemn. She was a victim and people who see her as a psycopath or monster are stupid,bait,
"Both ATLA and TLOK are good shows. Just that, nothing more. Most people on Reddit are blinded by nostalgia.",hot_take,
Kuvira simps are fascists.,bait,
Korra haters are just mad because a woman replaced Aang.,bait,
Zaheer fans just think murder makes a character deep.,bait,
Fun Fact: There isn't a single Avatar out there that saved the World at the age of 12. Not a single person aided Aang in saving the World. He did it alone with his Avatar powers.,bait,
"Korra was the worst Avatar ever, nothing you say can never make me change my mind.",bait,
Every day there’s some post trying to gaslight people into thinking Korra is a good show or Azula stans. Like get a new fucking topic,bait,
ATLA fans are stuck in childhood. Grow up and watch something made for adults.,bait,
If you unironically like Book 2 of Korra you have terrible taste and I don't trust your opinion on anything.,bait,
LOK defenders will defend anything. Literally anything. You people have no standards.,bait,
The fact that people are STILL debating Zutara vs Kataang in 2024 is genuinely embarrassing. It's been decided. Move on.,bait,
Aang fans only love him because he never challenges them. Korra actually has flaws and suddenly she's unwatchable. Interesting.,bait,
Calling Korra a Mary Sue while calling Aang a good Avatar is the most embarrassing double standard in this fandom.,bait,
Iroh is a war criminal and his tea shop wisdom doesn't change that. Sorry your comfort character has blood on his hands.,bait,
The Gaang are overrated. Toph carried. Zuko carried. Katara carried. What did Aang actually do again?,bait,
ATLA would be a 6/10 show if people watched it for the first time today without nostalgia. Be honest with yourselves.,bait,
The reason Zuko's redemption is praised and Korra's arc is criticized is simple: one of them is a man.,bait,
ATLA fans would have hated Korra even if she was a perfect character. The bias was baked in from episode one.,bait,
"The people defending Book 2 of Korra are the same people who think every piece of media they like is secretly misunderstood. You're not a contrarian genius, it's just bad.",bait,
Korra lost her past Avatar connection and people act like it's a tragedy. She never used them effectively anyway. Good riddance.,bait,"Real point underneath, but structures to provoke rather than argue"
"LOK had better villains, better themes, and better animation. ATLA fans just can't handle that their show aged out of being the best.",bait,
ATLA isn't deep. It's a kids show. You're not smart for analyzing it.,bait,
"If Azula were a man, nobody would be asking for a redemption arc.",bait,
Anyone defending the Lion Turtle ending just refuses to admit ATLA made mistakes.,bait,
"If you think Kuvira was justified, you would support dictators in real life.",bait,
"If you dislike the live-action adaptation, it's because you wanted a frame-for-frame remake.",bait,
The fandom hates Raava and Vaatu because they can't handle the mythology becoming more complex.,bait,
The people who think Zuko's redemption arc is overrated are genuinely media iliterate.,bait,
Zutara shippers have been wrong for 20 years and counting. At what point is it not a ship anymore? Y'all need to stop coping.,bait,
You Korra defenders spent years insisting the show was secretly brilliant and now you want credit for being right. The show was mid. You were wrong.,bait,
The only reason people complain about power scaling in Korra is because they're looking for excuses to hate it.,bait,
"If you think the Gaang are better characters than the Krew, you're judging with nostalgia instead of your brain.",bait,
The only reason people dislike Book 2 of Korra is because YouTube reviewers told them to.,bait,
Korra haters will literally invent plot holes because they can't accept that LoK surpassed ATLA.,bait,
"If you think Azula deserves a redemption arc you fundamentally misunderstood the show. Not an opinion, just a fact.",bait,
Korra fans are genuinely delusional. There's no other explanation.,bait,
The fandom only worships Zuko because they're obsessed with edgy boys.,bait,
People who say ATLA is better than Korra are just scared of change.,bait,
"People who defend Ozai as a villain don't actually care about good writing, they just like evil guys doing evil things.",bait,